setting,source_modality,target_modality,model,primary_metric_name,primary_metric,Se,Sp,macro_f1,accuracy,n_train,n_test
in_domain,heart,heart,cnn,MAcc,0.8234646401985112,0.8384615384615385,0.8084677419354839,0.7631664775025113,0.8146964856230032,33246,626
in_domain,lung,lung,cnn,ICBHI_Score,0.5588301877800019,0.7490706319702602,0.3685897435897436,0.32276118108837293,0.4214719271623672,4262,2636
transfer,heart,lung,cnn,ICBHI_Score,0.547367982079878,0.8094795539033457,0.28525641025641024,0.3090852323017059,0.38088012139605465,26674,2636
transfer,lung,heart,cnn,MAcc,0.8261941687344914,0.8923076923076924,0.7600806451612904,0.7428364040709796,0.7875399361022364,3635,4167
joint,heart+lung,heart,cnn,MAcc,0.8325837468982631,0.9615384615384616,0.7036290322580645,0.7215335089259585,0.7571884984025559,26674,4167
joint,heart+lung,lung,cnn,ICBHI_Score,0.5660149175483749,0.6672862453531598,0.46474358974358976,0.2752517393028303,0.44878603945371776,3635,2636
